Id,gripForce
0,50.86694349372321
1,54.0708964780821
2,31.842440426368633
3,44.67673212457249
4,33.73810817844621
5,55.85673609537409
6,29.828072369862284
7,52.620388268728746
8,29.430367039710813
9,43.85715798219417
10,59.36080044834989
11,52.57249279931779
12,54.297319956997114
13,55.95170276296818
14,49.27109196001988
15,31.43897948470613
16,54.59227510745529
17,26.528451415070577
18,53.0360610969587
19,29.24044728585696
20,34.42187802245035
21,54.5585165346886
22,47.94581810667153
23,48.05004846537743
24,30.319348343286492
25,49.3479153639668
26,33.56452927114371
27,34.16673288385442
28,48.58085622442779
29,49.618958687487925
30,49.80113552426661
31,43.73938768809458
32,42.3074157615134
33,54.92193348887795
34,31.64629222668552
35,49.52977364859771
36,35.312757353039935
37,53.60261134189059
38,31.168191460204042
39,50.63289644565515
40,58.12417033812005
41,53.20121817021278
42,33.56693223900191
43,54.72034984766782
44,51.58288986356413
45,53.57705118158237
46,53.35762159060825
47,48.84233674675682
48,53.24400570724173
49,51.618257650281365
50,30.434853261208314
51,53.56829838041572
52,27.033659610113794
53,56.83439468338591
54,32.52466376439771
55,50.18929393721054
56,29.030534260236216
57,48.688743603521246
58,34.25902210885318
59,30.050408948918438
60,45.42816869547867
61,48.7929417901152
62,32.359353838361066
63,28.97796055534895
64,45.03462797329981
65,32.067439602361844
66,40.91510888771965
67,49.76078608161746
68,55.594819093057474
69,43.535551733492206
70,29.892646091172395
71,47.744462929539026
72,51.017446994116256
73,48.7432826220313
74,32.22752088691473
75,59.20401732311797
76,49.84834070527063
77,50.353751982505436
78,57.37409175262895
79,50.72734599941765
80,30.05345778857434
81,50.4523667790249
82,27.884821905175656
83,31.981257426108222
84,27.674887761596395
85,53.13909947475477
86,29.670579181878406
87,55.236656821756945
88,53.493752591307974
89,32.227337608517246
90,25.6387689136358
91,41.732203725075806
92,28.057725246259913
93,31.209231482827118
94,52.77637483911667
95,30.552362109510575
96,57.275497311911025
97,49.47299602884445
98,55.724593306005424
99,53.263832080024244
100,55.646091022395794
101,50.69993131273289
102,52.35209254848388
103,36.49336458675292
104,56.03239370956832
105,47.212274722317545
106,51.21464483911873
107,46.55726498027517
108,30.42583859620675
109,50.3043402976018
110,30.802542400289948
111,28.66499098175439
112,49.63405670368786
113,51.58289324742198
114,31.504788111995683
115,32.31730916219782
116,54.497283410134294
117,54.80735258935459
118,49.612255056976785
119,47.016542893133945
120,43.95102979457126
121,49.334937162175876
122,55.745588146221735
123,61.811277731377615
124,53.951356290876745
125,58.01944069820379
126,29.686381977423245
127,48.48334412492185
128,53.61639545338094
129,45.64238219676931
130,30.201744586951683
131,30.681890235077447
132,33.44234639179048
133,55.48006722683371
134,54.03470390857702
135,56.900839538449375
136,55.33844216940463
137,53.69031696113371
138,43.18790639763763
139,53.53562884469322
140,27.260998940792152
141,31.455888616128746
142,29.60691114055868
143,56.05310721612942
144,54.717565556479954
145,50.07211636598317
146,31.955355345219942
147,25.15914249032398
148,29.68285359770673
149,58.391730520121314
150,34.2199553710583
151,47.87984565974733
152,38.4466815318592
153,54.45473099121916
154,31.086420599652165
155,57.910115666132256
156,28.09097439827009
157,56.86135971204565
158,50.14918904240966
159,54.95106166833664
160,31.918600862328816
161,33.793062599553835
162,26.539260828159204
163,57.18773056707633
164,55.19967717952363
165,28.34467773255661
166,29.186932246867084
167,44.92697849154085
168,33.69803510129451
169,47.455951581380454
170,38.718147345264
171,55.70041712296198
172,53.093266899714514
173,24.820863975662043
174,44.59328842808043
175,48.9599007773579
176,48.26628933257915
177,46.125793395703575
178,55.84996176130908
179,54.01300691012468
180,50.27657970911122
181,46.693642387052236
182,51.812574139676514
183,58.19306279624242
184,52.526150706995956
185,58.296289833488935
186,29.793630429980645
187,50.20927405437531
188,51.88879686990675
189,49.875340205399134
190,54.52215138592278
191,43.62714934751029
192,49.66896958213998
193,53.268301065000536
194,34.51048856663955
195,52.18431743603685
196,28.01484991318557
197,34.65865607505824
198,33.95142757693238
199,29.168725087004525
200,33.71034492676156
201,52.070380497949074
202,32.19569835763949
203,44.428408616420505
204,54.78238571614967
205,50.068278335485864
206,49.11522964467864
207,56.01816262659394
208,25.562055987004726
209,53.831053534521836
210,33.603151617017
211,50.31943530221124
212,33.81464144065414
213,57.852247360024116
214,27.064109540404413
215,50.19021194904913
216,48.03364456138366
217,53.24808152934908
218,33.74962709689662
219,53.97845290038023
220,58.17529630556407
221,28.306317701290638
222,30.322253463691922
223,52.520436090507324
224,53.74233502690255
225,54.848460525583356
226,29.7386720665835
227,49.96577428662216
228,52.910323571074734
229,49.6009840886564
230,57.43070380167707
231,30.46271291586437
232,53.086062886161216
233,48.435618758844775
234,50.27690916379302
235,37.11210126526887
236,52.06304506786266
237,58.79674668492043
238,42.31240891525269
239,55.88591783482495
240,24.492658520034492
241,24.64084093506922
242,52.41741242670969
243,43.95528098057554
244,49.97178661049948
245,50.31315070255003
246,52.03086693585104
247,55.13377497986071
248,54.66025976513735
249,50.66148930311443
250,27.592992859316013
251,51.7851620020172
252,38.34707908798022
253,31.978765810461265
254,59.31474466833085
255,27.287107892046848
256,50.56191244600465
257,51.0554320505958
258,53.69252232337969
259,54.59375278749935
260,36.523582709713466
261,28.780279510527137
262,32.06687525947178
263,28.924201994313105
264,30.059554027676644
265,53.556999586476216
266,32.81011436819078
267,32.120528759711505
268,54.180794794577224
269,47.540616079230155
270,45.15649420137932
271,36.31300502445983
272,48.549401483454304
273,30.891700281647744
274,32.481168879039544
275,50.16580268164697
276,34.35742375629048
277,48.06621808881335
278,29.834479120841262
279,35.369210105879475
280,24.46246508333514
281,34.17391088941083
282,39.30459292411141
283,30.11547408363179
284,28.711239749074053
285,49.80065576649983
286,46.50786061520371
287,55.091107175815985
288,53.11301498782146
289,53.50373998514738
290,49.74368035077982
291,32.60554281391267
292,46.640606614432
293,31.611899904637088
294,52.787471794156325
295,46.628910706442554
296,52.07748840797637
297,28.27991429442576
298,49.32024391343743
299,51.14256010360447
300,32.380863156891046
301,53.6146391292397
302,52.32412665402073
303,52.475583301328136
304,51.65476565846362
305,53.973416802973944
306,29.01883362935972
307,35.02640900236727
308,49.85828924603556
309,48.532726940456584
310,48.75855878117009
311,54.089387991997064
312,50.28975243531803
313,29.977565610558464
314,31.94774412214623
315,53.07381712351227
316,56.73635689578525
317,53.93932892255901
318,32.33176582837032
319,30.685589669352332
320,59.36285954023163
321,29.922196047259515
322,35.025842966204316
323,28.196217921511742
324,27.47015990094591
325,24.73276602466105
326,30.484955238164865
327,48.36658497755889
328,51.961451952343594
329,49.04648592888785
330,49.411684309064135
331,32.500763711636914
332,59.67699341690067
333,29.104341217622377
334,45.57798519309251
335,51.483681311343304
336,55.37888701783039
337,49.9568279710582
338,50.672766609268535
339,26.80921187192961
340,51.426110888907516
341,34.26018910772955
342,60.57034817661902
343,55.67206424509443
344,32.34066039266872
345,48.00018327299853
346,56.797806209594704
347,57.69319489063557
348,54.65675859574168
349,54.02343807308895
350,56.11997378773003
351,34.20607860212938
352,48.941064328637665
353,49.303046171814444
354,29.700802679086735
355,27.10989670470871
356,49.380187152606176
357,57.75990937033321
358,27.152846700232892
359,52.17982358838393
360,36.83502003762347
361,45.89739496659577
362,51.69526214381131
363,50.939711458949745
364,56.406694769641824
365,53.26489489732935
366,29.19773061862071
367,50.790687121187865
368,39.15456332776414
369,51.196356530979926
370,25.07237550520023
371,49.20476392928152
372,30.757549026533653
373,53.772359299011804
374,33.77651622763177
375,51.94662882797071
376,56.725077831129866
377,26.231323062540056
378,51.7228614886176
379,51.87067353775774
380,47.744374416857404
381,53.58708449993098
382,55.984978714937895
383,27.318458919932873
384,30.27013703811311
385,44.41443623795932
386,50.282117938250224
387,52.1911441722759
388,56.979203712583065
389,53.84618773066649
390,52.51106579241639
391,30.575469457949588
392,54.9436142940547
393,53.11990617980272
394,49.827593494787436
395,29.24486621842737
396,52.480081847541726
397,41.00418887420304
398,31.796929791250832
399,42.695469744584116
400,60.13659994665747
401,54.373618515828774
402,25.956489252066817
403,51.6274693853451
404,51.69628068678856
405,51.37159427536265
406,23.720804039018763
407,58.683796913908644
408,27.81023642504792
409,45.703799331202255
410,49.07429068239123
411,47.18002560652003
412,35.36253605359121
413,56.26324729789639
414,50.7640993418582
415,45.53817316170021
416,51.79475636777482
417,54.390100832320655
418,47.50905980411099
419,54.39605417739819
420,48.108694368059034
421,53.34798221473805
422,34.01399002574057
423,55.096393350631985
424,49.395977651207616
425,47.753561744286024
426,35.47376196630381
427,52.92322744702923
428,56.06536683039619
429,55.75670801771539
430,25.620521972025415
431,32.85633834381958
432,33.61088822124103
433,34.226073939789856
434,28.45496791177063
435,44.86569045524935
436,26.683658396227294
437,57.38817098132934
438,29.997167356131342
439,30.228929463734605
440,44.27617925455204
441,47.5663171095332
442,54.358078810985106
443,61.211000621972836
444,42.722427422348076
445,31.118322615456833
446,45.44364583187096
447,47.287298794539794
448,25.635963477878285
449,52.48232867922674
450,34.29558847217971
451,48.33306041652679
452,54.349023810003146
453,47.83230756186244
454,31.646971782491036
455,29.364050062614208
456,44.933679367480345
457,36.44058671509816
458,53.72350754583768
459,55.475728848891734
460,53.21879906116765
461,54.01725613501871
462,55.4984142052964
463,55.15512901863449
464,56.23493830914512
465,26.4772585947767
466,34.82882661166398
467,31.18423339324372
468,56.7563535625755
469,54.57941306287323
470,44.10391859299651
471,52.60895525951419
472,51.8521771749642
473,35.589260665572475
474,51.712815464646184
475,54.57943916470593
476,56.55671783205639
477,52.49686890565507
478,42.581128791445714
479,51.06394840484852
480,30.228242453913197
481,27.94354204703591
482,53.841764915135094
483,28.02639714041672
484,31.03309738368611
485,45.668319341256044
486,35.70105965254758
487,46.401964901198795
488,29.661254504438155
489,50.485257126363294
490,48.8517611384908
491,53.436786790022445
492,49.31713912301596
493,46.910482955064836
494,51.288304281230545
495,32.01778398425278
496,45.50346021001354
497,25.127865059982085
498,54.824130808400135
499,51.49944503447337
500,55.26367702916687
501,52.59478263845595
502,48.9114670528947
503,30.497986741521668
504,39.49658443260155
505,54.11353857855241
506,49.585794224774105
507,35.678830710359954
508,51.36846891561874
509,31.909293744689172
510,29.81680234856284
511,55.161340025995244
512,55.33483643501361
513,51.32924560419602
514,50.83487763157411
515,49.31670767731143
516,28.412784077534756
517,47.67565413391492
518,53.983883882981736
519,36.102211257133185
520,49.480607486718945
521,56.37236644098015
522,33.082117450478826
523,52.6306008757822
524,50.4754070897064
525,26.11688822969082
526,49.3621870964858
527,58.0022395995566
528,51.627640469568426
529,54.556544176546154
530,51.382518985463385
531,49.39161420362892
532,43.39438499681787
533,45.86351517913849
534,30.473467603858065
535,31.015579177096207
536,44.714925640305346
537,52.34280802274556
538,52.746269648674506
539,47.372820927184094
540,52.627509676023095
541,50.97107792210055
542,52.06215123840413
543,48.997510567008746
544,45.757745740542184
545,28.16610057543501
546,26.996891010225436
547,30.68576607422375
548,31.99561844250597
549,52.768057521515885
550,53.536283818724954
551,31.096206001986854
552,30.54449923549723
553,58.60052736113954
554,28.819050325243076
555,53.47014601814581
556,27.707171000988936
557,48.91495145046624
558,27.75261472862362
559,45.28531853036614
560,54.92485692397953
561,57.933616159679026
562,51.290135440636334
563,42.63960098413716
564,53.75049016403037
565,29.935485038438937
566,22.50978444338363
567,51.0070520815956
568,40.29742612728672
569,54.42711695614542
570,51.9597000698207
571,50.76323452263832
572,47.949873396130386
573,31.285667117132498
574,54.02477449005259
575,53.54777964745245
576,52.67404944491748
577,51.41323753631202
578,29.276217658866035
579,52.08495838124636
580,58.19392109073599
581,31.466856739074988
582,56.361318817107886
583,39.377207153876775
584,54.92558215270101
585,46.68447740261405
586,52.53517130428157
587,58.16080867381466
588,28.159488810440926
589,30.86419707085302
590,53.69262658190775
591,49.131973173126
592,52.366402661153444
593,51.25825291946145
594,33.112704032274294
595,27.577611688660124
596,54.13597676562283
597,28.919105344587663
598,27.83687734056075
599,32.508640346235964
600,46.12184575694474
601,53.4707344422957
602,49.19146247627451
603,28.840448717039326
604,54.60607977663906
605,31.027929204750926
606,54.92187886743816
607,33.21637947214691
608,48.61978145488045
609,48.66873156294725
610,50.11042667229075
611,33.74653934746926
612,39.86225252887131
613,52.55021290148685
614,25.9010006452563
615,28.949995246834828
616,53.241931081896084
617,30.474225537535286
618,32.04071811009226
619,45.904348120864185
620,52.009379301891535
621,47.37067717663888
622,47.031228480384804
623,53.261653758822575
624,50.25495394288853
625,30.11191468525291
626,51.342121035454554
627,56.80051079889931
628,32.757806855616195
629,52.51684542214192
630,57.02504071591119
631,42.59534391052375
632,54.40352721769467
633,26.74479728616553
634,52.674902392564505
635,29.72529593407125
636,51.90726523918148
637,33.29716683703239
638,47.07133010704306
639,52.92014379034034
640,50.32289386402499
641,53.84020301148706
642,57.36614154952307
643,47.07972940978984
644,32.916905517157254
645,27.65472871252506
646,26.29644437878712
647,53.112152040900284
648,43.81959666093404
649,33.645419006171124
650,56.28789052504538
651,47.957869843072665
652,54.18075177701703
653,49.23299177111906
654,28.910126572628215
655,49.27696730428138
656,55.58202942369546
657,50.34420433935152
658,36.36923121706775
659,30.88144536615164
660,47.92814854296995
661,28.79565453279613
662,29.614484937817952
663,55.42275770311528
664,29.0511801084148
665,30.37708520069019
666,52.91420977192106
667,28.952689519499963
668,53.89594414930653
669,53.23116466317317
670,26.485038322158363
671,59.70096367705522
672,39.3777576862329
673,51.805884158946625
674,54.73906267904652
675,27.313467936603796
676,52.00810247771075
677,30.373074940268946
678,48.32481283679686
679,54.07070550178437
680,55.023544584111505
681,56.62132074434422
682,29.34737044607631
683,44.852590121599334
684,48.277116540220305
685,31.77511192347084
686,37.76417830210862
687,28.276825678910072
688,35.77461999544847
689,29.344584190024957
690,55.40057954642497
691,49.51849060136664
692,53.52853165189503
693,26.686240025610623
694,56.21089206270772
695,31.885805783884198
696,53.25879335975084
697,32.71987059952683
698,52.97319913007813
699,52.67973034949812
700,27.161785324952177
701,56.60442273699205
702,51.12987137535864
703,48.76196973552914
704,56.97782907678086
705,34.7797902819978
706,48.55709503729109
707,35.38084002550721
708,46.02212493745088
709,31.02625097457494
710,49.17548751084873
711,33.23116860716051
712,33.560862222284655
713,48.72255909730147
714,53.34735908767259
715,32.19477225891419
716,54.424802725055685
717,49.93144708881328
718,46.1614268102455
719,53.07334049861468
720,50.43890829571133
721,28.82185563677457
722,29.839277368557383
723,29.819780029722743
724,51.295286271403455
725,50.63820363521776
726,53.50945316467859
727,50.25202129532634
728,45.804573368666986
729,45.1099336613962
730,55.20059594114809
731,51.93321291542497
732,32.06293114276491
733,31.961466736818007
734,54.434184558307926
735,32.70382587484653
736,31.820140531813827
737,51.21554743882283
738,31.82978627054932
739,22.222772811261915
740,45.855926155199995
741,53.2533568870994
742,34.81450314219158
743,36.489263795041346
744,54.66467582269848
745,28.19091617631033
746,28.309893225836834
747,52.50129384579173
748,60.846746545096934
749,45.366099489438334
750,53.554829588159606
751,32.923106745315295
752,54.41401576499346
753,32.845575481269755
754,28.365285266027502
755,32.77841212958484
756,51.113953499275965
757,51.18644674963114
758,36.67341347620151
759,27.554832025045595
760,27.766627161001185
761,24.953086567738485
762,49.237792249149656
763,32.54965093280342
764,56.16687586052889
765,48.22758418998761
766,54.758562246128754
767,29.434025747417387
768,34.387298540848434
769,53.764595856911306
770,55.4748868675781
771,60.09673931774189
772,52.04051577469726
773,52.7495012210747
774,53.81577396326799
775,49.712015497260786
776,55.85141331101386
777,26.616154573496818
778,30.327482869043017
779,27.887521002771898
780,47.05226017319599
781,55.103983904030905
782,40.233093468095056
783,30.4176476657359
784,49.88710705803583
785,36.6878904631073
786,55.00409370576181
787,50.89218888738688
788,40.278765444254006
789,52.79802154901159
790,56.70403871600454
791,50.29887387367411
792,53.41717807846428
793,31.76466131743002
794,50.648195179708246
795,29.50041684303259
796,57.69561810356051
797,55.68964753045897
798,30.13622950553173
799,51.709962321442795
800,47.30668677220805
801,32.16386973867789
802,55.43133919869456
803,31.93388896411831
804,50.30040382267397
805,33.108548886768716
806,55.41194381536176
807,54.75651276422988
808,43.32373042887859
809,30.256977990769542
810,51.741997215774994
811,54.526560506521534
812,45.20908583521184
813,57.54617854437145
814,48.28723942592868
815,50.93830544162748
816,50.699939244569904
817,50.16511870158515
818,55.42741318184634
819,51.7774312416878
820,50.863831133825414
821,54.8201491922497
822,61.50732084831815
823,47.68331393928329
824,26.531727743075145
825,48.49546186184253
826,50.93590082024002
827,44.97376612798532
828,41.344394234229
829,31.278356285706174
830,33.845699259205674
831,52.911332467464725
832,48.63156825779952
833,55.482395895425334
834,26.925446084603074
835,46.588140581529565
836,43.699298287544245
837,57.536826153916294
838,56.8583229919814
839,51.82256732723635
840,30.67968865331774
841,29.840592841103305
842,33.4939203351246
843,25.696127449042535
844,50.247711101119435
845,50.550581109478195
846,40.227485246292204
847,44.27320209767304
848,24.868919896376482
849,53.715758479302295
850,29.104654110365104
851,51.451511546181166
852,51.172315193624804
853,31.368948886106516
854,46.9374768331058
855,61.60255183272825
856,49.71686531549624
857,31.781415252965814
858,33.0451759364634
859,31.466172763515573
860,41.964395410354044
861,52.04839905190691
862,54.016640146484285
863,32.97135003901215
864,45.76203646789823
865,48.5592706586916
866,33.67321821717643
867,52.53625068093386
868,53.987815617434315
869,54.4947326707498
870,50.706619139798796
871,53.56849393329872
872,50.22349103911022
873,34.1952642628574
874,30.861676396709946
875,54.06298238779668
876,25.97049916603611
877,51.99747648704482
878,30.886242051976236
879,52.08645168949769
880,29.671322187782465
881,36.021860009952974
882,47.05690350184513
883,30.647886779176453
884,53.633367314103936
885,47.20894455657166
886,54.27381458446192
887,47.0804010717128
888,49.29338607851091
889,35.11867635346326
890,43.40245545494475
891,52.8544157100113
892,32.12218786391813
893,47.941877804647405
894,52.19395104320026
895,32.52051649830098
896,54.992345105607306
897,52.20993172987718
898,53.42890472152455
899,55.282899697917756
900,52.81162975445907
901,33.25189460594838
902,29.138573340633464
903,28.48014817963933
904,36.55784520226212
905,50.61160765174074
906,56.84638074665117
907,31.571983987935777
908,55.32878771709915
909,41.14568604834883
910,51.7730829637915
911,54.58653220232224
912,54.22403559346966
913,30.766306867486588
914,55.41125200197465
915,57.73515599708987
916,48.34548924641077
917,54.096332967021354
918,55.14698565507866
919,56.654880049733244
920,32.466620992699646
921,47.93060446054136
922,31.572596398437277
923,26.52145229344237
924,34.97593228419477
925,28.854021545586352
926,53.55612186615792
927,30.18180830084402
928,50.71022159312734
929,28.23945465936422
930,52.11414438558016
931,50.68789013899752
932,59.527225389912815
933,52.85699312123519
934,52.13392635969015
935,56.09701940105131
936,53.369208429501604
937,45.959161830078585
938,45.71584425674386
939,56.09658002618609
940,50.838594693559344
941,45.760001087452856
942,45.877565766879506
943,49.29623779377803
944,51.672196904333845
945,52.27769083625051
946,28.91141844947271
947,32.2162465081112
948,58.15941979009967
949,31.19660638751994
950,50.646459433574
951,51.83267396011476
952,56.810028073122
953,27.54833621893009
954,30.010346712877237
955,35.39468952259405
956,28.06071672627214
957,28.200035685739927
958,54.2482512363768
959,30.171798352257696
960,49.00465951615905
961,28.207861104108513
962,28.715002311552134
963,28.286989392411847
964,54.85642729665665
965,34.154823426403276
966,52.10864819768049
967,32.108535498927765
968,49.03459780095472
969,52.82882020609207
970,47.43530090000528
971,53.74329350870913
972,48.90081490324895
973,57.593740136286925
974,55.56098881839832
975,54.84922063006875
976,24.201212085904793
977,58.2419801445257
978,49.97834734332474
979,53.55485026980411
980,26.439227239860184
981,53.271860206009656
982,26.736069482261993
983,47.46484529691832
984,61.41196841989506
985,48.03129918896591
986,53.25127481111158
987,52.0603075525784
988,57.156505052825395
989,53.86495896298172
990,34.013209349446605
991,30.780853167671204
992,54.43351272572208
993,28.67775525476593
994,41.98517324072952
995,35.55683410877049
996,55.49948805541693
997,52.89579277550965
998,52.39588502685335
999,55.00048105592137
1000,51.54264314454199
1001,55.35725507960032
1002,26.652042049160986
1003,48.73556214676892
1004,30.516783960858827
1005,53.824498357181724
1006,56.19165175374537
1007,49.85651062511539
1008,50.29780942241019
1009,56.59612867832828
1010,52.74164418946502
1011,34.519970850137625
1012,49.58062888523573
1013,55.7884322691093
1014,50.71823367496707
1015,53.57032726442681
1016,38.42507377200935
1017,33.44565957009986
1018,57.70535767949894
1019,47.17417783055613
1020,30.375161763802357
1021,56.70549514948503
1022,49.489528886103834
1023,56.519338824686905
1024,32.06645313683641
1025,51.27781018587508
1026,54.988648571854235
1027,51.016727320592445
1028,53.3100724437889
1029,31.87722535014362
1030,51.14219510098692
1031,27.295948272720864
1032,26.804969063215918
1033,56.33215545019316
1034,55.8701677801853
1035,50.40212069684229
1036,31.86885974094672
1037,54.35435609121432
1038,44.952288248837945
1039,33.76132926194703
1040,30.573614526821867
1041,51.91869250908302
1042,56.983484715030556
1043,54.00673235063915
1044,32.919357631235144
1045,48.2333552621573
1046,46.001173121279415
1047,31.769873593816413
1048,52.79075904591569
1049,50.72055245875483
1050,49.36438409199332
1051,30.167872218186506
1052,32.212617181917054
1053,50.338295494824266
1054,57.21016277579805
1055,32.68089504285052
1056,30.167527542829948
1057,25.626132057953605
1058,56.03772063102223
1059,45.58644692070028
1060,25.915247191889677
1061,30.058420146464158
1062,29.361313912001094
1063,52.847088989135955
1064,34.17169020545772
1065,47.12843645675326
1066,58.28202242626152
1067,35.2958976905861
1068,47.17045940725456
1069,52.658318423951116
1070,48.87370990389027
1071,50.08839065387227
1072,29.378723767534424
1073,53.80611391486964
1074,50.164333308917534
1075,52.84875286385199
1076,44.171545984139954
1077,53.7395287090193
1078,38.893733309344405
1079,55.183717853622994
1080,56.554624552472745
1081,46.515284454750955
1082,29.71837704444591
1083,32.92044568099401
1084,57.775633433662335
1085,53.448788110209165
1086,51.4508667351589
1087,47.16656936183253
1088,46.74437203531661
1089,52.60853120961209
1090,51.064534781046376
1091,48.82880937764394
1092,48.11521145724749
1093,50.41387057639788
1094,47.37959933484888
1095,29.87234025899155
1096,28.085721143225673
1097,29.797996193812477
1098,28.79403361661902
1099,42.94178894609372
1100,55.650968906533194
1101,59.27230632961519
1102,31.69825623339633
1103,52.80313965456611
1104,53.79923160093184
1105,30.399710590861858
1106,37.14300692574358
1107,46.606852446058575
1108,34.10460501022999
1109,50.474874188762925
1110,47.769512308637836
1111,52.799080353111
1112,37.08530940118081
1113,51.77874673842487
1114,49.058590900541006
1115,27.639851410420764
1116,55.958546164307734
1117,35.886395670453545
1118,29.457592623427615
1119,53.76008782201393
1120,52.50646417769051
1121,51.55189078085439
1122,44.26206638834074
1123,51.31169555284005
1124,51.1217761854771
1125,29.86473868999764
1126,28.74161838561766
1127,50.78564722081337
1128,53.46796878869231
1129,37.63898272029361
1130,55.54613910315065
1131,53.38918096811541
1132,51.38878438366258
1133,51.6782073690132
1134,49.40109772261546
1135,30.797143164205263
1136,53.12083399393291
1137,50.18467852604338
1138,31.855079968960418
1139,60.03838223301096
1140,55.396572781668915
1141,58.887909166427086
1142,48.82233683898766
1143,30.448017576545958
1144,49.580090785928725
1145,55.52454196514056
1146,32.18699353684768
1147,45.98791350325084
1148,52.712323953619524
1149,30.75644938389132
1150,33.30550520355067
1151,41.14448350917732
1152,50.87039354586184
1153,49.974236000171544
1154,53.79677569043978
1155,56.4114405518709
1156,49.37345961415481
1157,31.078548406806274
1158,57.1507381352012
1159,46.56477948254982
1160,35.574334862489714
1161,54.87768686314842
1162,27.227284899994412
1163,59.425850032590866
1164,49.13491274101983
1165,55.42915224208289
1166,50.9250807796521
1167,30.852188208211878
1168,48.15903439551757
1169,51.76570318097925
1170,58.65129774207943
1171,50.22416817929591
1172,49.573502964912045
1173,51.04283812975554
1174,26.405374494878714
1175,50.27344535863755
1176,42.903641272300504
1177,52.51517534388138
1178,51.608464689298
1179,47.76164532878193
1180,55.818049148771806
1181,52.14592321036535
1182,48.25402577862793
1183,53.67610112602677
1184,36.15705561291256
1185,47.923605581553645
1186,29.59500111553169
1187,53.29854508228519
1188,56.05177962147624
1189,42.80136595215516
1190,50.294910957584165
1191,49.75801826795892
1192,30.24864327783954
1193,46.78255497283705
1194,29.094648891492135
1195,49.732360152822025
1196,51.58196053783033
1197,58.74485720924037
1198,34.70297956734665
1199,55.2973190446957
1200,51.60370006204059
1201,31.978331993333615
1202,28.562315075931128
1203,47.83157243287405
1204,26.147552990248702
1205,29.633856643289505
1206,46.85072999507899
1207,47.454693764866306
1208,32.10839393817198
1209,55.601167896305114
1210,46.300240602013396
1211,52.4878025633853
1212,44.84418601618431
1213,31.648722023026902
1214,50.073120084037335
1215,34.01979898929529
1216,52.41830071892889
1217,51.53057224435069
1218,26.077038557040353
1219,27.473632548285117
1220,52.35441177195313
1221,49.14791283391828
1222,44.4948407764766
1223,33.11136823121334
1224,44.140132263659225
1225,42.43768427969215
1226,28.259792224251346
1227,49.44849462039274
1228,48.80340190878005
1229,32.353233284275966
1230,29.96238237511076
1231,54.44363970039096
1232,24.01532775522819
1233,54.196139819913824
1234,31.546503260433635
1235,52.92420792612632
1236,51.678695119872735
1237,47.92966630058614
1238,56.132463878887286
1239,52.87444403515857
1240,55.28519480801432
1241,26.85675186228051
1242,48.685004564886334
1243,26.3344143971156
1244,32.63842963466445
1245,55.27968943363045
1246,44.549764095715126
1247,51.96958380765817
1248,38.173246311310734
1249,52.36934092943087
1250,31.475693993862794
1251,26.496529720074825
1252,52.759569350941284
1253,24.61047767896474
1254,52.09069739810707
1255,33.80879813785731
1256,51.35814096984656
1257,53.821291011261074
1258,49.291709328977845
1259,54.36409222017742
1260,52.21959994007028
1261,47.93739057247509
1262,50.63415383876088
1263,25.5095581589335
1264,28.44276259471761
1265,26.171941305575118
1266,55.47729821939421
1267,30.93009007309768
1268,23.92725477571599
1269,56.902759367279366
1270,53.00722732287366
1271,29.005478185830025
1272,30.390544036860756
1273,56.00894438059498
1274,51.21946209966432
1275,35.17337052023423
1276,53.38566742273339
1277,47.30268113194326
1278,51.809135689558985
1279,38.77135484972355
1280,51.54613268138395
1281,52.404926670787965
1282,55.26614088559393
1283,46.62119950160225
1284,33.86941805548016
1285,28.413976548060276
1286,33.40512399399822
1287,51.17769738457944
1288,56.488979399042805
1289,49.68669405425455
1290,52.9194268016398
1291,35.31233279913367
1292,50.14783432568458
1293,54.77677671760916
1294,35.49577489222058
1295,33.8214065434115
1296,43.525808757522384
1297,51.4391340257043
1298,34.43498252488849
1299,49.747970464301815
1300,48.72674919311029
1301,31.716928172191096
1302,47.07359813117125
1303,31.789383525492592
1304,53.61238366554139
1305,50.05751695311017
1306,53.09896610858755
1307,53.49320025995369
1308,51.960642462595715
1309,54.78197120088562
1310,48.3976017842671
1311,53.30343470721347
1312,27.608026426182224
1313,49.345938410339684
1314,32.352075295642734
1315,44.9866967713829
1316,49.177205524260295
1317,31.896741830777223
1318,45.535921874382325
1319,47.035678252969184
1320,54.306625071657905
1321,30.303267839666702
1322,42.050716402992194
1323,53.67861851203882
1324,53.44797450599007
1325,57.61865131962134
1326,29.162065244413313
1327,55.13701148739198
1328,28.98219060496718
1329,32.57290103330585
1330,46.2479873478837
1331,49.44430963510406
1332,51.059388409351094
1333,52.49423637360621
1334,36.43169076772507
1335,29.577020127665786
1336,45.58310510988424
1337,56.872933413359306
1338,31.45913981635547
1339,56.698677212175454
1340,30.821195273989094
1341,28.87979162407081
1342,56.81276343824523
1343,54.06433168224129
1344,54.860374266949535
1345,53.50186547800306
1346,52.72464772263168
1347,33.16308170347221
1348,52.8977843495344
1349,29.365345899805405
1350,52.54137719690637
1351,50.0307754933297
1352,30.614700329971583
1353,46.96810861632856
1354,51.999538971537866
1355,44.912040111709615
1356,33.39111689085428
1357,29.99868682799897
1358,30.48727445482334
1359,58.654471595749854
1360,57.81073170750862
1361,23.78162953888833
1362,48.08435146441922
1363,49.80257096749696
1364,32.3937425177869
1365,49.921683261251815
1366,55.2710627880705
1367,45.66751798975509
1368,50.60008643320493
1369,51.58103481282842
1370,51.138757011976374
1371,47.20861299872794
1372,29.264335916247493
1373,53.80248776469329
1374,54.147384854562844
1375,34.83015307175782
1376,24.854049478171305
1377,50.50013948621354
1378,52.389661682570306
1379,45.83859099583732
1380,50.15187137547853
1381,29.82782969492631
1382,34.21318916346354
1383,31.959817931007976
1384,27.322186714013053
1385,29.692522398125263
1386,31.119917340408616
1387,34.55341244422506
1388,49.83233268933682
1389,32.11782739701057
1390,51.60318231270128
1391,47.86293076852761
1392,50.383144037718466
1393,53.44074918098792
1394,52.55935621742362
1395,46.24870786582672
1396,52.518677586099955
1397,52.51179784047526
1398,56.0051998623111
1399,58.74772446195601
1400,51.89323770124412
1401,52.95226695307577
1402,28.067017424457696
1403,36.213140901232656
1404,27.246260062318537
1405,57.94463568254062
1406,53.10101522406045
1407,51.86830018186943
1408,42.90304892652948
1409,26.970439437126117
1410,25.59250770478122
1411,27.657269727936445
1412,33.45164751193203
1413,47.855226729985574
1414,29.48918515564058
1415,23.82167818108451
1416,46.88439188027927
1417,52.945017481169714
1418,25.483618960083522
1419,52.81409324265673
1420,30.335370116943118
1421,50.66816404962536
1422,51.85909344337028
1423,27.851610389850144
1424,30.38079853417085
1425,33.22732503138991
1426,53.817611068941275
1427,52.7381285143203
1428,51.73891956254767
1429,23.866899836004006
1430,26.470225190027676
1431,46.700054847264575
1432,54.53656098393334
1433,51.34133185981635
1434,49.3029003513889
1435,31.183117811993622
1436,49.01427216166733
1437,50.878693922478504
1438,54.042615629620926
1439,52.072187876998925
1440,53.632287643843604
1441,49.34757535155662
1442,43.69099160066471
1443,50.76767139209124
1444,50.8916620490827
1445,28.579465787834778
1446,52.39585180223885
1447,39.794976240590785
1448,52.500266638745394
1449,50.03490352820897
1450,49.69591854760903
1451,52.19852756682502
1452,58.3146008178853
1453,32.968906696578145
1454,33.19534171542387
1455,45.3738107330019
1456,56.59158721459748
1457,54.90002605055892
1458,59.19848672104003
1459,57.790522678294444
1460,50.239363595229776
1461,48.81037642942704
1462,32.782806559275336
1463,51.569270212800106
1464,35.67438931261116
1465,51.612191555128376
1466,55.37546609456409
1467,53.80345360398927
1468,55.80067213267118
1469,55.13411760998105
1470,55.13924776527776
1471,36.906105844086454
1472,58.16390768105272
1473,55.94101612065918
1474,46.76964413388531
1475,50.39928124245468
1476,51.374665797826005
1477,44.22214454543277
1478,34.93202576092863
1479,35.15394526454248
1480,59.047283866257914
1481,52.79073944534227
1482,33.9220876745285
1483,31.941599354429798
1484,25.680441006310097
1485,32.68341740946006
1486,50.83363507202004
1487,53.09462673093836
1488,51.74025396057202
1489,32.01974245119277
1490,51.68569190924785
1491,30.788955941688567
1492,52.81867661072228
1493,57.673372953335765
1494,32.88577784918928
1495,33.44531078945626
1496,52.25083170549544
1497,55.74933221295014
1498,31.53221758851903
1499,52.38616111282637
1500,46.90342313416346
1501,49.495767952424714
1502,31.702361770971553
1503,29.588540409663175
1504,55.36621821244124
1505,53.54567275492261
1506,30.50339925469087
1507,51.29476000415586
1508,54.71168696331773
1509,53.72148015549467
1510,49.462511237131736
1511,46.02262506565847
1512,29.993340642593267
1513,56.70055398987597
1514,30.68934009627182
1515,28.711238989857407
1516,28.320088095508837
1517,29.20852159960651
1518,34.07089332133489
1519,34.32587760583708
1520,31.08233330429612
1521,47.17158193538435
1522,51.301268543341486
1523,27.53554426825672
1524,35.39366065243708
1525,29.169242928378647
1526,43.15172905816538
1527,54.138311128814344
1528,57.08517401649368
1529,33.59269461085932
1530,35.81047559749418
1531,46.1170282367639
1532,58.11316004970713
1533,32.24690722993902
1534,30.03402286871597
1535,53.09101284167983
1536,47.75712056794234
1537,33.47444760918821
1538,54.894041503333064
1539,46.57975836946737
1540,54.937767562961156
1541,58.382754053930896
1542,47.832219046889115
1543,52.659158644503705
1544,48.05781723929219
1545,51.17906551340809
1546,52.309875917838575
1547,30.876421368274023
1548,31.307287540746056
1549,26.467745759147054
1550,52.87852112605222
1551,54.815601294647955
1552,32.404363604063185
1553,41.22039493983411
1554,55.74150411011263
1555,31.86384914412565
1556,52.21423871634376
1557,50.76301799832464
1558,48.143107491029255
1559,49.69295858156534
1560,51.67988913121704
1561,35.680050739431536
1562,49.776993861663954
1563,30.282554465884544
1564,51.22480067380957
1565,59.51042229993399
1566,48.72735108094981
1567,49.35139336960823
1568,27.843856507448976
1569,50.56769408842766
1570,49.35395046459336
1571,56.31851912277599
1572,24.637223833939856
1573,47.27861317917637
1574,52.39944274692762
1575,29.370938818110368
1576,51.46468784577783
1577,48.99210226906267
1578,29.42881511289423
1579,51.13842740431474
1580,49.88456607931736
1581,58.05110471655696
1582,34.15161544476007
1583,32.90995112067434
1584,47.977091629789875
1585,30.486010459177052
1586,53.46610197947743
1587,31.56237109646083
1588,47.15343881905582
1589,36.919422101125
1590,46.36494608495705
1591,55.13300564601609
1592,51.60948918276009
1593,55.778174196283096
1594,32.570618221239165
1595,51.30919062429392
1596,50.8889108904708
1597,24.816550848630236
1598,51.50919228789966
1599,47.8680153925152
1600,26.59468569350358
1601,54.92757737661235
1602,50.5585825414138
1603,30.433979178639103
1604,36.74157940361595
1605,25.106838911729742
1606,49.009654095935
1607,59.82380456296137
1608,41.77356189359267
1609,53.0803633193425
1610,30.662275420426006
1611,27.401642206988623
1612,49.26216478213081
1613,49.14886698117722
1614,49.39814558237878
1615,46.10305049341252
1616,55.789618496269206
1617,34.108729284614604
1618,48.04108488500353
1619,25.627225420716147
1620,48.41876080057882
1621,50.140351095892576
1622,50.810116725725614
1623,32.66776249813451
1624,45.65268215183204
1625,52.764048313196014
1626,31.71443103504779
1627,33.31144009156593
1628,52.77620600337086
1629,35.08462678180375
1630,28.308235850024307
1631,36.27420747277368
1632,33.248024301267655
1633,54.54075702316191
1634,33.61045241694113
1635,49.50567570135751
1636,30.713572585454827
1637,30.84530051830241
1638,53.76623313607416
1639,53.15092548240789
1640,30.85166153571361
1641,35.41512482595306
1642,57.92906883957202
1643,55.556300583254874
1644,49.96203640182856
1645,26.1100920631441
1646,46.861613824031586
1647,29.659040713536726
1648,43.3053905730489
1649,51.88308931177642
1650,60.0786884273715
1651,50.081323371199446
1652,45.52885514903676
1653,55.07463208776087
1654,27.888885492806523
1655,47.55279157731978
1656,58.53807763472642
1657,43.74107216287703
1658,52.735961918429126
1659,30.14077590935186
1660,47.92754409026667
1661,54.405832785492116
1662,32.81268108272389
1663,36.35924487774068
1664,55.16786848237979
1665,26.584063915418728
1666,49.04332910596165
1667,53.433025561189964
1668,32.31642375704932
1669,56.77737989357961
1670,52.10246953600891
1671,41.8731769959438
1672,49.08935193923858
1673,26.636965996479333
1674,31.623309635521192
1675,23.80515334316607
1676,30.216882364172662
1677,54.985956640613495
1678,32.03218715926665
1679,50.28900948836884
1680,46.4057341276276
1681,54.01826991188354
1682,48.83303829814591
1683,53.387613191785135
1684,34.06124033624387
1685,31.638532858659634
1686,47.0873315361558
1687,45.99670260948183
1688,55.44358205000788
1689,36.01003406676256
1690,35.356492148848815
1691,52.62497021611563
1692,31.438612210201523
1693,33.122700444246526
1694,52.02135829046139
1695,29.925984115622292
1696,24.07865922615626
1697,42.10337405928931
1698,51.29433105203812
1699,44.958234685109005
1700,26.241940231766716
1701,27.705259066021235
1702,22.57665912925603
1703,53.66162971176769
1704,29.796428748453543
1705,33.68787902336063
1706,55.09668811207158
1707,45.57155515886719
1708,58.54648970534996
1709,43.56444294487093
1710,59.27408706763719
1711,55.44281278356999
1712,50.278330374641484
1713,49.02927046239237
1714,49.27665096345668
1715,50.35590351456138
1716,45.96749413820776
1717,53.654034811842344
1718,31.660294693170055
1719,41.61907965237052
1720,27.448538329260693
1721,47.645028507935734
1722,50.43391730404242
1723,51.28198055866
1724,31.25303060770967
1725,56.31715288550345
1726,46.804831717989465
1727,30.942258344023365
1728,47.363772598038864
1729,36.2002632798158
1730,32.32194634559432
1731,27.642511260632393
1732,32.40257933235823
1733,55.174443611460475
1734,52.22631975832774
1735,49.058650284958894
1736,31.24479947051045
1737,48.27237570426676
1738,57.53297386929572
1739,35.930332993396796
1740,42.59920140468438
1741,53.50215658734378
1742,30.109194694169226
1743,50.79851233917295
1744,29.210768596912203
1745,36.227504668786366
1746,48.47732000358762
1747,48.94306351113376
1748,31.575655836564582
1749,29.053306016375327
1750,58.702837417661925
1751,30.98634951390099
1752,49.579652073714925
1753,51.115452161896734
1754,39.23704895090599
1755,45.59297081115341
1756,54.382165778938614
1757,51.30811549796074
1758,45.691505703915205
1759,30.692082530646065
1760,53.2162896222474
1761,32.09541219039785
1762,48.58090574432273
1763,57.9228004591891
1764,52.815175204016164
1765,59.2526051214467
1766,29.682560455660692
1767,53.025952674194244
1768,29.262896522734504
1769,50.579604361782984
1770,54.21635884133407
1771,62.90727227683622
1772,62.320967480563304
1773,33.63936325214646
1774,32.36658809354458
1775,29.74628917269262
1776,54.83216670385091
1777,52.93474265166483
1778,27.59861757400816
1779,46.82556514591691
1780,49.775702507474115
1781,31.892176453571555
1782,50.48098966905905
1783,28.401065090302744
1784,53.47625616512129
1785,51.80066791430787
1786,51.35501424231512
1787,50.86809871012671
1788,50.73107076338586
1789,54.7922626377277
1790,52.35078138692107
1791,56.109953558110234
1792,49.02216101590874
1793,51.099986805889294
1794,31.17639502792752
1795,52.23594730951159
1796,53.10449657952163
1797,51.39446800675198
1798,29.4094721455932
1799,51.79763901221142
1800,55.05431519592591
1801,55.362715037472285
1802,36.402668689022434
1803,44.76827222433226
1804,54.78920100338272
1805,30.839128118840087
1806,49.906044509540926
1807,49.95144707097533
1808,53.44784031553125
1809,32.940007619790066
1810,31.51966342905106
1811,30.54203928871549
1812,53.1898083429563
1813,34.110342579807636
1814,32.543358904284055
1815,31.458837407031623
1816,29.445969138315302
1817,55.44397363344925
1818,33.80380448723698
1819,54.71980465286997
1820,53.60799784128371
1821,44.74967317979355
1822,49.09002962594758
1823,46.448127807925495
1824,54.94282467171745
1825,32.53229807244364
1826,53.43093174359552
1827,52.73767938014248
1828,37.293703094159156
1829,43.870459752679395
1830,51.266541748350406
1831,51.56839701127757
1832,56.633117720622536
1833,29.379745169584062
1834,30.369275577286004
1835,30.153972609220936
1836,32.5469874016153
1837,52.49137315803473
1838,48.31779413241305
1839,31.355897805086457
1840,56.49026689051528
1841,49.88661298279243
1842,27.288178763891597
1843,56.84014369080573
1844,50.128369325881486
1845,32.48959295728903
1846,46.78011578927951
1847,32.68107261846374
1848,49.84688963577756
1849,56.2793939521785
1850,32.042958375664185
1851,52.49482138074995
1852,31.461278203472602
1853,53.838571545317116
1854,57.27820027403139
1855,56.727346732780994
1856,50.932272926363936
1857,55.44154886480355
1858,27.138228173471138
1859,54.249464711611864
1860,52.487618654147056
1861,33.32673020461758
1862,30.324743539679396
1863,60.170381923060674
1864,43.2231729335639
1865,54.66041050664016
1866,26.404597421087146
1867,52.34303797765004
1868,48.43966196595944
1869,47.74630304232618
1870,31.574069529031977
1871,48.81190223007408
1872,58.054567571911356
1873,48.836714874901794
1874,28.826862209434214
1875,55.448536070000785
1876,29.616207855978843
1877,54.30584396078938
1878,52.36688291489919
1879,31.552175417187176
1880,47.77580350752094
1881,47.840285563725466
1882,53.16034494315395
1883,34.18934699330832
1884,47.200218714209456
1885,51.01226400413255
1886,27.30971213430351
1887,55.748762000217475
1888,35.38871263234266
1889,54.450307976093875
1890,57.022747556439384
1891,49.54999087866183
1892,31.012035027865036
1893,56.11433578403715
1894,27.528401324268632
1895,57.85701421490409
1896,33.5729247280548
1897,37.443429455153435
1898,56.88991546698379
1899,44.56859309576571
1900,44.85877839667088
1901,53.32689904184585
1902,28.747275512081657
1903,35.663745671793
1904,64.16625956715284
1905,32.158326116270516
1906,49.275597202917396
1907,54.99278524156575
1908,26.016413688923443
1909,50.00510050246044
1910,33.54036130489674
1911,22.391849138635394
1912,29.1700909519318
1913,47.61249721956676
1914,52.62138631745253
1915,30.93892896331934
1916,52.50234154355214
1917,51.103304145854054
1918,48.58341872059654
1919,50.224716100500906
1920,50.110946974742305
1921,55.04308664238702
1922,32.532422459342165
1923,49.25320203401669
1924,27.938976247954724
1925,33.642452129628204
1926,29.73238961270639
1927,33.479175096947195
1928,54.84150613230413
1929,27.9069563317806
1930,48.443659153859755
1931,52.06385180402154
1932,48.59936016357579
1933,34.31450487485558
1934,52.200683674536904
1935,50.993035729030595
1936,54.58403154301837
1937,52.597888002609984
1938,56.940484047150996
1939,53.77495442567515
1940,51.6488704326981
1941,30.913650746694387
1942,52.181374657835526
1943,31.53768594162884
1944,54.897286524725054
1945,53.58772800648155
1946,56.638489418706044
1947,28.21401980413037
1948,33.42900630228522
1949,45.8599663737746
1950,56.708187477875356
1951,28.82100545811896
1952,32.53685639398965
1953,52.69303654710316
1954,25.946767309284148
1955,53.615358889314365
1956,31.76591040241541
1957,51.9802717111081
1958,58.42758193642235
1959,51.843572809351166
1960,50.56617859375285
1961,29.588196279249956
1962,35.042370592768854
1963,56.873418984936976
1964,51.835835219523446
1965,50.058562189885585
1966,55.493091236318804
1967,47.29251447705871
1968,35.70056544838836
1969,49.47341569594009
1970,29.8462983696597
1971,33.31841817195331
1972,24.565667340626767
1973,44.50163320281447
1974,56.80743306882819
1975,36.895767831925255
1976,48.99296501296155
1977,33.5521590101347
1978,44.823197028492835
1979,47.90396603235163
1980,51.21456254956638
1981,48.537375194882536
1982,31.3643961872183
1983,53.1996731714479
1984,34.09654391069856
1985,50.72384765311286
1986,56.519794733186714
1987,50.753480927426644
1988,52.89925077574051
1989,33.870028736385194
1990,49.638789654281055
1991,48.74851924028048
1992,54.09754534013244
1993,29.38705322099824
1994,30.824305285804616
1995,54.88647265225029
1996,53.17755917627054
1997,28.738807768343328
1998,52.19839607273358
1999,48.886242665609004
2000,46.043707226355416
2001,50.27542214700026
2002,26.665207634611818
2003,53.81225958023033
2004,52.02656899609097
2005,53.9088741198012
2006,47.71531321731049
2007,26.849634038623577
2008,30.591326214236098
2009,54.20298326331234
2010,51.8519858812264
2011,45.91040140997907
2012,49.32538086416914
2013,34.641875874961976
2014,51.249854949786666
2015,31.5222664953917
2016,45.85502871186878
2017,27.695632191608954
2018,45.8193095676266
2019,27.14872300461637
2020,38.10857636975477
2021,51.439440297753116
2022,29.47075402220724
2023,52.83534650438073
2024,52.87367118612062
2025,32.35004911272722
2026,50.75910179271436
2027,61.38740856655602
2028,47.56977591227516
2029,45.82988157083846
2030,32.3767734750837
2031,56.50969850455278
2032,34.57698645438893
2033,53.38901324148596
2034,51.970451648308945
2035,49.9945567638802
2036,56.57974725181435
2037,42.76590422116596
2038,54.72384491294234
2039,57.44707958756416
2040,50.63603519990196
2041,49.68834281459461
2042,46.62887379231527
2043,57.62469644408893
2044,46.314857825230135
2045,28.71608577600218
2046,50.655542485661954
2047,23.534995378951375
2048,28.012316189931042
2049,27.055923950996586
2050,51.892663789532044
2051,27.5184224107468
2052,46.52466139259338
2053,54.77874398135283
2054,37.79975201854108
2055,52.18666087498469
2056,49.00908466362902
2057,52.17055310564437
2058,31.152993646328596
2059,51.547145124813994
2060,53.93737284287826
2061,29.345607021534356
2062,30.868318112707716
2063,54.91424247012219
2064,55.88147709841704
2065,37.63280927092611
2066,56.25449443796921
2067,27.191583955569804
2068,33.32622718215119
2069,58.32489598835753
2070,33.063316624785884
2071,33.44112253091172
2072,51.19425138658275
2073,56.88150459858815
2074,53.34277460641493
2075,51.20421672362969
2076,52.017622306259405
2077,52.319366022433414
2078,53.99970102727126
2079,55.49476357607018
2080,53.171626004155165
2081,47.82917961924087
2082,27.97841432241316
2083,51.751690979197775
2084,47.26584008223824
2085,32.54798749461396
2086,27.617176185739442
2087,48.483256956262295
2088,48.12006622805851
2089,54.001260277960945
2090,59.57486595795366
2091,45.6207042463017
2092,33.6902278157034
2093,29.387789239899895
2094,35.60502204334106
2095,49.112982925440015
2096,30.899105681961927
2097,41.013048378631396
2098,29.85293228771741
2099,53.18080211851524
2100,33.118679075356866
2101,53.56090954247087
2102,55.05896353412325
2103,40.98014694760108
2104,33.776590456486815
2105,47.92093094029961
2106,54.73900167762909
2107,53.6950226157208
2108,55.35330851461072
2109,34.6160231579605
2110,46.97041206219448
2111,52.665719121372135
2112,35.216135185175204
2113,55.619998692538644
2114,52.1579955905429
2115,48.75424605017191
2116,33.46175539784406
2117,56.02815039898496
2118,44.68030593952079
2119,51.06798034915451
2120,31.435065994293467
2121,28.571987062504107
2122,50.24622444403281
2123,57.17362126585092
2124,30.96167618009363
2125,29.577524860833453
2126,50.53170491668637
2127,45.998360368162515
2128,52.96342215062408
2129,29.031997529495406
2130,51.00503201428035
2131,46.998636443129705
2132,51.391211509801636
2133,33.465380513728064
2134,55.50923502246435
2135,33.553494593655145
2136,54.83258153486629
2137,30.60548745204892
2138,36.00065765469521
2139,52.765997041605424
2140,50.34077687609049
2141,31.936525943229977
2142,50.901312893319506
2143,54.36559950387334
2144,51.335508500342584
2145,35.23055814209769
2146,25.90529377637047
2147,27.05967031966583
2148,28.673957492625423
2149,54.87023232717987
2150,62.205680506862144
2151,52.08488657943845
2152,53.494393330022504
2153,47.41488369173148
2154,53.16980452606185
2155,26.689589517439
2156,32.66106810836871
2157,40.66177888961884
2158,52.4531279758052
2159,56.680284670432826
2160,54.72298375665374
2161,53.68019034231591
2162,34.832722008343524
2163,49.59483731810043
2164,32.82765059448009
2165,49.721701435509395
2166,55.20715725770528
2167,31.56220842314492
2168,27.777620950514947
2169,40.04842603131481
2170,37.99435820766974
2171,40.40957060665413
2172,30.296565386433894
2173,34.03954795904745
2174,33.33634545282534
2175,56.08382286043225
2176,52.17655532758072
2177,55.56638972472085
2178,48.04210240394139
2179,26.224701609855348
2180,32.29428493369409
2181,31.569051850235397
2182,29.391316215694356
2183,24.08009790224159
2184,32.5778687002459
2185,54.03181202897074
2186,31.161644966365685
2187,25.26093786735771
2188,35.41918522312046
2189,34.05668942737229
2190,48.46672518850478
2191,35.44432135851489
2192,34.68951382148087
2193,49.765855893280396
2194,53.226045206241224
2195,32.77121582449249
2196,53.53529728160855
2197,50.51859612800309
2198,48.78808197702973
2199,29.82501870509971
2200,32.18489672318774
2201,58.608503912528235
2202,57.63894383396078
2203,50.757537525348866
2204,53.51317720400579
2205,50.15892928962347
2206,26.222174713882712
2207,52.72182458096547
2208,41.51715968750401
2209,28.250918970227044
2210,31.054373192088853
2211,34.911308244161624
2212,31.261620680766526
2213,54.30859911519711
2214,52.844112700460606
2215,52.89411248151397
2216,35.51700210573123
2217,51.339561729158156
2218,58.18426500162353
2219,28.405365897265398
2220,48.05060289243718
2221,56.09451001906676
2222,49.64636383421731
2223,54.58916492840483
2224,28.7764882028926
2225,31.54530954184588
2226,58.20949374750917
2227,45.65937970753514
2228,46.81771570290738
2229,30.895031677804397
2230,30.434593800631802
2231,42.84552606424308
2232,54.442604483105924
2233,45.31669660893719
2234,49.98780493156613
2235,29.620655796946487
2236,31.951953868890122
2237,53.38157802745917
2238,50.952120413632244
2239,51.25857431389999
2240,42.740337276329726
2241,50.43508562066516
2242,60.27321066880643
2243,56.07022696584443
2244,54.22106324323365
2245,30.932202672058338
2246,49.00795319828695
2247,47.88000447001554
2248,47.096600341617645
2249,29.930377592864616
2250,28.132762097850748
2251,29.346999783779477
2252,48.40446126297524
2253,47.875632669243494
2254,63.448407631043445
2255,31.27932359069765
2256,35.46143119474134
2257,33.661884495171364
2258,31.771130627364094
2259,45.65312585979264
2260,46.605569909161986
2261,52.15936919202418
2262,27.2857804711888
2263,58.68529877257164
2264,50.13833670007179
2265,31.982192025853497
2266,43.61521120870715
2267,52.10793845447639
2268,51.7051723447402
2269,57.47795158351125
2270,29.241209555074676
2271,52.76207811261118
2272,56.495267195638704
2273,48.896873371742984
2274,57.30404023809129
2275,48.27414351883256
2276,35.08329334978206
2277,26.496287090126103
2278,52.81816637182311
2279,51.148975584396645
2280,50.70299382442229
2281,54.678667225024796
2282,51.320357786938025
2283,26.221206179868755
2284,52.19775623156437
2285,56.12996840475002
2286,52.648454543553804
2287,49.11572132065726
2288,48.05563255052262
2289,49.28424845041634
2290,32.438369900503204
2291,30.416351015401695
2292,24.50013015676243
2293,33.235102247861775
2294,48.59574337911277
2295,53.05195756927609
2296,26.458471296573148
2297,31.767230407226712
2298,47.468061743920785
2299,52.15209839945417
2300,53.23722052626043
2301,50.2131115513801
2302,60.551253487159144
2303,58.10892777771846
2304,46.72768251456753
2305,50.329404392688126
2306,59.425144225151875
2307,33.409158085845434
2308,33.179893152706306
2309,34.23758053167293
2310,56.755999115689775
2311,28.76911380790586
2312,47.312323950335404
2313,52.38437195893297
2314,48.29614853234632
2315,53.05511762190375
2316,34.67210826205302
2317,54.58754603316546
2318,55.8464168212718
2319,26.240124284361315
2320,30.99581081854009
2321,45.943188890645274
2322,33.306651544019665
2323,32.45606923931812
2324,28.426994922534618
2325,25.470423376443417
2326,33.03174834089445
2327,55.28408978205413
2328,38.325226783600215
2329,49.02918098887576
2330,56.08715183832813
2331,34.819587543883785
2332,54.891228729231536
2333,34.14270353629636
2334,42.05506814541621
2335,55.77710792476165
2336,31.721438368055882
2337,33.21790853512865
2338,52.67753113157417
2339,47.26173918976283
2340,53.16361138868898
2341,33.37910374166297
2342,60.6152622072581
2343,32.439253886450615
2344,32.93409316786718
2345,27.10769294330829
2346,25.055838811080104
2347,53.7257004845924
2348,54.98028792105908
2349,34.24043407140273
2350,50.10837946373751
2351,32.91347663819717
2352,54.362042849091694
2353,28.605553953798136
2354,60.007900655458585
2355,45.36157617914059
2356,56.767487123359544
2357,34.71678925794802
2358,22.680659924252495
2359,52.20176010250741
2360,43.46306244449114
2361,48.434528921371424
2362,51.91230997909411
2363,52.36115954073351
2364,51.93136114719367
2365,23.522214230938552
2366,53.90019947084348
2367,45.07553585684803
2368,46.642073731063576
2369,29.573676750402566
2370,25.52892562423963
2371,56.49881675132958
2372,49.734363635121106
2373,58.00229797288651
2374,53.99580105316749
2375,49.696346192470045
2376,46.167921406887075
2377,52.25890771562161
2378,57.558241757556395
2379,50.61222702772934
2380,54.23249676455622
2381,52.948247253553504
2382,63.47409198577327
2383,51.947626137311204
2384,52.633682809849084
2385,49.76542348970635
2386,21.4510311368276
2387,51.77516832700846
2388,41.64185295143771
2389,43.85668558416448
2390,28.373128847890946
2391,31.177534058393
2392,48.768242256261146
2393,43.728526920191634
2394,50.03065098434197
2395,24.39517164489818
2396,53.97662773416834
2397,47.08534026988117
2398,51.06407620202104
2399,50.0417260683948
2400,28.986745999438902
2401,54.78801092116268
2402,40.14360929416655
2403,51.29377261959031
2404,49.3478495812789
2405,34.71254635129442
2406,57.0004645154481
2407,49.77456812637638
2408,53.087416097432495
2409,51.178434614158064
2410,47.92785293075267
2411,32.411752923665034
2412,33.16466022355574
2413,48.41783287144854
2414,30.495347762158467
2415,46.79464132583956
2416,51.209150395218636
2417,48.52653128252836
2418,55.87439575753766
2419,30.280540357517996
2420,54.702575260817724
2421,50.17447543084624
2422,33.62559833234443
2423,30.986469430876788
2424,54.495275881202865
2425,27.910900580155317
2426,33.1192146408993
2427,29.675237557801587
2428,46.9317641208453
2429,36.759727336367824
2430,30.925479483952667
2431,34.634101873895716
2432,46.396624299101255
2433,31.958053034367133
2434,52.597186203848345
2435,48.69984910551442
2436,37.22825178391611
2437,51.31816587889815
2438,54.95882902905303
2439,51.9020145895138
2440,34.69287986843531
2441,48.93315155411474
2442,49.85604950081586
2443,45.727524876095856
2444,53.843419176790306
2445,55.30518840190358
2446,45.39115142350817
2447,29.178124885584047
2448,36.57557361093693
2449,39.0635296681873
2450,46.82075622206741
2451,26.71076374815176
2452,34.882129355396785
2453,56.43159594154115
2454,56.60049067967424
2455,31.784885362490492
2456,47.57238980159043
2457,30.418039879244528
2458,50.12998385629464
2459,30.329065464819028
2460,32.243152667054495
2461,31.365565901540336
2462,51.43404902014726
2463,55.8979167209294
2464,44.19728654881585
2465,28.17511429105052
2466,28.130243326388495
2467,32.81415510152777
2468,53.3382162754062
2469,56.11976973699288
2470,50.16974792598168
2471,49.00961387812917
2472,43.59423104512931
2473,48.77733796344641
2474,30.40395389511135
2475,48.24633690075499
2476,28.0721594826947
2477,54.11725804445469
2478,50.84470998895386
2479,50.80045674667031
2480,34.11842611015986
2481,53.874203071639855
2482,44.26805504673278
2483,50.77147371366712
2484,26.37997505225108
2485,33.064209349888024
2486,54.56536716655975
2487,35.4933425445929
2488,52.767413824759586
2489,30.58623182017948
2490,34.1312541772137
2491,50.85907220219944
2492,34.93887122405964
2493,55.25777475450617
2494,54.3802003295563
2495,47.14167378243901
2496,26.201033088344488
2497,45.94405472692374
2498,53.902957670729165
2499,45.42062540754956
2500,31.2252188432679
2501,50.015055678329475
2502,60.609341210724
2503,50.40363991244657
2504,54.75888912242646
2505,53.463225338515684
2506,34.612993503049424
2507,49.24304291008174
2508,58.50930631753705
2509,48.98814925432409
2510,46.95846054070734
2511,51.94140250352606
2512,53.55115165326675
2513,52.761073852487506
2514,32.21859140110473
2515,35.89706576842667
2516,23.475500544518177
2517,45.734652118308084
2518,56.08931892515446
2519,33.23283169337245
2520,31.295341328970597
2521,56.98478752811238
2522,49.27951582610499
2523,28.67121105433662
2524,31.981353689210497
2525,48.45680255529268
2526,31.553322193011798
2527,45.78586846304092
2528,53.162429677020874
2529,33.87637414210844
2530,46.444079514311156
2531,44.40193797471456
2532,53.69372958886608
2533,42.578295923479565
2534,52.11764281198087
2535,49.787120791661835
2536,55.13573590503893
2537,55.327058072886175
2538,50.57430080056358
2539,51.646217648909044
2540,49.672892681928985
2541,49.82844755125634
2542,47.346698867355144
2543,50.10659327305902
2544,33.476689975874635
2545,59.06899905958054
2546,49.71076359969789
2547,44.41879503730344
2548,55.851257521445554
2549,55.1863203700887
2550,28.653113945060127
2551,31.51111599015534
2552,27.26584522374195
2553,31.14414082998816
2554,30.28645452733811
2555,54.78619833384932
2556,59.5415472574439
2557,52.77325654945439
2558,36.08947791656897
2559,32.521779073037905
2560,51.12101218082938
2561,55.93697391072131
2562,51.16258633335198
2563,58.71308415558059
2564,52.61528593580157
2565,42.04140364808506
2566,29.832486019302724
2567,35.32967631790962
2568,35.464543696752294
2569,55.846602406513895
2570,48.3228203397634
2571,50.93067238000812
2572,30.707665682537836
2573,30.435570346586083
2574,49.400747943277366
2575,27.98657582122717
2576,34.0507821941834
2577,51.065994098677166
2578,51.367483491281284
2579,50.52542138049608
2580,29.18735937361716
2581,38.356900566089294
2582,34.281756995056654
2583,44.97162178538825
2584,34.910496323612996
2585,33.8542606811812
2586,32.8651536038845
2587,51.399503836338
2588,52.66127736715353
2589,28.19307272370603
2590,29.263990476847802
2591,48.69757087941252
2592,50.32603247290264
2593,31.111230311759037
2594,27.780279421645815
2595,50.51602118505661
2596,52.78511609373433
2597,56.505733045295294
2598,21.337837345618446
2599,32.20209474894269
2600,47.54847555294019
2601,45.236458320892076
2602,48.805061116998374
2603,44.646990212874584
2604,25.559366968117967
2605,52.895926115521235
2606,49.20566327636784
2607,53.47705981004153
2608,46.94083403918315
2609,53.540747578363764
2610,56.481072134272885
2611,34.09761167029844
2612,49.81949601190123
2613,45.351657281460724
2614,54.552747813804274
2615,48.70268446839855
2616,47.72533889098161
2617,51.739120264088356
2618,50.61398232292607
2619,56.444410016677814
2620,53.454981195503514
2621,51.548443245803135
2622,55.97404951908761
2623,60.62551313416041
2624,56.919849890888116
2625,48.47364737774251
2626,36.010039949870375
2627,43.736866463188264
2628,52.47043900380712
2629,54.96444490382486
2630,30.572117129280976
2631,24.0726990578342
2632,36.104119414645396
2633,33.328664675339816
2634,58.95692771959541
2635,52.4724693328497
2636,52.026229561187115
2637,31.048702732186626
2638,52.601969460728505
2639,33.65938309392911
2640,47.689604665304564
2641,53.8477959907595
2642,53.557962328453556
2643,38.63906345774183
2644,52.6111900239759
2645,49.65097295331756
2646,30.934332825730223
2647,27.145944552386805
2648,33.39639148174167
2649,50.65422368076257
2650,51.162013300125544
2651,31.241006375793898
2652,50.80525605047111
2653,49.244490469304594
2654,29.212649510230897
2655,45.11449764524209
2656,32.13512131995847
2657,51.23476887111746
2658,44.763123623593536
2659,49.60585233489667
2660,50.5704671141616
2661,43.14563388951602
2662,26.600838988183117
2663,51.70751023515414
2664,30.007988489120663
2665,34.86411626231378
2666,35.1733476891254
2667,48.63706947543639
2668,64.67653198538927
2669,34.44034806408825
2670,51.07771715017101
2671,29.112703638808732
2672,35.48979435089752
2673,47.99620747213526
2674,50.28009791061828
2675,27.6273017557896
2676,55.225915806680014
2677,41.972605452623256
2678,49.9333851661195
2679,34.80580121854798
2680,52.54665378785705
2681,48.53554553743107
2682,30.162209352789112
2683,50.5885752793495
2684,49.18822624792227
2685,54.254025949959306
2686,51.777848039175176
2687,31.792191289782913
2688,50.83224515109451
2689,53.01580659165371
2690,53.86327970464225
2691,51.61560168199014
2692,48.51253970244048
2693,53.72610739905031
2694,30.768145101048965
2695,34.07529013737428
2696,45.033258383679645
2697,35.0124224192811
2698,58.17052685819964
2699,26.837173701486034
2700,25.499667126974476
2701,50.438894666245105
2702,51.67814279658036
2703,54.141900129307665
2704,52.17185852354346
2705,48.993039272756114
2706,47.95203278797236
2707,52.40407235805885
2708,30.878940989755254
2709,26.804858976302057
2710,56.44399096021277
2711,48.17538180593865
2712,36.36660306472032
2713,57.49091142415279
2714,33.76051304703921
2715,51.89908289696829
2716,47.72541490223266
2717,50.99939738803217
2718,32.28080658108083
2719,48.46686824682914
2720,44.76180638270995
2721,30.6557053323378
2722,24.585637092011865
2723,51.775127750594656
2724,23.9685652940968
2725,51.22379826307609
2726,33.92565504338356
2727,44.989070893513556
2728,37.26975822111556
2729,46.56831138153161
2730,52.42010104161233
2731,33.017109286275215
2732,52.918199610674755
2733,33.58039164536825
2734,55.107584327195596
2735,45.268185381253055
2736,54.00796247800789
2737,49.65198670515308
2738,55.17507675605587
2739,52.087334504871706
2740,45.87134518135122
2741,42.945112501074455
2742,39.73174553558423
2743,47.21427738030938
2744,29.11831641730788
2745,58.41733816511525
2746,50.234269798034
2747,47.75802449864308
2748,22.53360286030064
2749,26.103455668882066
2750,54.1592265002475
2751,28.11111774682913
2752,55.725797087805745
2753,55.05455699034362
2754,50.60068381497796
2755,34.19373779837556
2756,48.88327603944778
2757,30.093621005940214
2758,58.61874608143724
2759,46.326157471882745
2760,54.68142942909888
2761,52.92080187074847
2762,52.066501566111135
2763,48.072726723166255
2764,52.32449122196901
2765,47.51514885367676
2766,53.74420343620855
2767,51.75934097475269
2768,47.99598650593819
2769,33.67965669092245
2770,55.985312857651394
2771,53.91546825776174
2772,49.830482916829574
2773,50.7551760474864
2774,53.956993502502684
2775,31.935761794758612
2776,50.18897069391722
2777,27.971725304394734
2778,53.23092230073479
2779,32.966350405176804
2780,54.39083821460345
2781,29.777329684390338
2782,31.336580783558716
2783,54.40914338903675
2784,26.804031357613432
2785,44.331207490822536
2786,56.60429889719884
2787,30.939948306439863
2788,27.82329540738277
2789,30.123628549408696
2790,29.550255880087846
2791,59.71460315102772
2792,28.308674115461713
2793,28.463535377773223
2794,52.049565665233494
2795,35.42929971268007
2796,51.02971730358311
2797,52.69071604453614
2798,28.372961702928077
2799,48.463522758940144
2800,47.384117393638384
2801,55.38826173521801
2802,39.01031124937188
2803,52.265161282189005
2804,53.638609995697976
2805,34.07463126754198
2806,32.731894373594216
2807,52.4228951709737
2808,49.833925114236145
2809,53.30460982286347
2810,25.897137533959977
2811,51.691060169470326
2812,50.391027051383816
2813,54.20816583407588
2814,52.684151033204664
2815,42.291630218588494
2816,31.73988739197516
2817,51.38061449221993
2818,32.25910016737007
2819,33.02538511922726
2820,32.29633967321698
2821,35.24131487970267
2822,34.33810101818274
2823,50.36305141946622
2824,33.776434072503235
2825,53.13297978448222
2826,55.32246641590524
2827,53.47020310932456
2828,27.687592738737173
2829,43.376119309967514
2830,49.18998036187833
2831,47.72469715047522
2832,36.44655189027246
2833,51.706752750359655
2834,40.044734508802954
2835,55.965434476698185
2836,51.463496581371984
2837,44.18516934154797
2838,55.680339506928846
2839,50.493240290395455
2840,25.606601704396095
2841,52.44842719396958
2842,46.05897947582636
2843,55.76227489860146
2844,52.267448287064
2845,50.832003650374496
2846,22.93893131989625
2847,33.83641754132653
2848,50.6333677982309
2849,54.2887393169968
2850,50.85441820295332
2851,55.148584164492426
2852,30.673041872235956
2853,28.020896195777574
2854,45.303863872448964
2855,50.55161011224095
2856,51.02437716167773
2857,46.730021615312054
2858,49.07596943449601
2859,25.81060176175062
2860,52.51696627359997
2861,33.19399831375884
2862,55.33776934133769
2863,46.61037572711155
2864,52.12152504627563
2865,50.0461079303831
2866,50.20092883520063
2867,51.57138810798309
2868,60.39609146225496
2869,34.08980598818327
2870,36.007565248855826
2871,28.804420846185664
2872,53.96684556497014
2873,27.285587026763736
2874,55.64516953092293
2875,55.827257250101034
2876,55.44577122185912
2877,50.37073390595901
2878,46.87832498821624
2879,54.53766574375304
2880,48.096902524685774
2881,47.11158946794973
2882,35.408346040000076
2883,55.54895271288948
2884,43.90179918322393
2885,53.993031492085535
2886,50.57288723074892
2887,28.168385828723792
2888,57.57867665100841
2889,49.446308346015634
2890,36.13882216904536
2891,47.90064638235062
2892,30.517479316668513
2893,55.30758039764752
2894,57.297333527198916
2895,52.704051385893834
2896,53.15149355620474
2897,33.22036092344978
2898,48.724581478340966
2899,53.2749091838369
2900,58.723472759278884
2901,51.39383332274019
2902,53.40402637290116
2903,33.115418256323196
2904,48.01829855925257
2905,52.106851778947856
2906,30.36142713247557
2907,51.56539645349066
2908,31.96818827159255
2909,59.2717520945276
2910,57.31799226641648
2911,31.414920544072658
2912,29.64148990518766
2913,50.524514666693825
2914,53.05860856203689
2915,46.93410364914427
2916,49.158009508070684
2917,49.56380795803989
2918,58.16954844129213
2919,59.37572588012176
2920,51.32080712127369
2921,26.62907464568789
2922,54.25651819906136
2923,53.49329293994241
2924,34.784978032348704
2925,36.62929607105035
2926,32.61705676469951
2927,32.113458121653146
2928,57.177989124264315
2929,51.46237653152582
2930,49.96662692848222
2931,54.56680486966879
2932,57.20674330445352
2933,53.45662343732988
2934,50.598452502421466
2935,52.85143890098164
2936,53.1599580202125
2937,49.79429030384778
2938,51.622010492322666
2939,51.761923827572595
2940,54.82835694527216
2941,50.97912282397059
2942,54.83784711609656
2943,22.970992112784863
2944,48.77761775535002
2945,32.82256599927777
2946,27.832870951922338
2947,50.820492728584526
2948,52.06615272005505
2949,53.286545442201195
2950,53.72127705058311
2951,52.30583100593442
2952,34.00533485748289
2953,26.324475008726594
2954,30.418974677140714
2955,57.33394625852243
2956,38.15181355753433
2957,34.0078871960535
2958,47.53863800249728
2959,34.393449474266546
2960,57.38312896812762
2961,51.34939343874434
2962,31.872040742181788
2963,30.98618550170685
2964,57.83874161180517
2965,57.92690717084413
2966,30.761115934144524
2967,55.851094210355136
2968,32.20971973965024
2969,50.48979834995496
2970,42.631969662776676
2971,52.03426894195024
2972,54.36267328632651
2973,50.162348001028455
2974,53.8264661595137
2975,50.052754013478385
2976,30.62082909150387
2977,54.71525371540159
2978,47.765838608175116
2979,50.83128770809643
2980,55.0920358339095
2981,29.484007289927778
2982,55.547965609001324
2983,26.084925865584637
2984,44.02580789824779
2985,54.251234045059995
2986,46.91506893985496
2987,47.84305853514094
2988,53.796025101740746
2989,28.70406181117344
2990,25.348346459531545
2991,30.321072752751007
2992,25.341770570837337
2993,51.45477883752654
2994,49.13987082359029
2995,31.602119473551813
2996,51.31528503576525
2997,46.7141127018396
2998,30.9398456065026
2999,47.13756659461521
